day,channel,mean_C,sd_C,cv_percent
HTDPA_3h_140726,CH1,36.0065200637789,0.6857310284527345,1.9044634894960375
HTDPA_3h_140726,CH2,35.03353441403135,0.7284953910664884,2.079423053515027
HTDPA_3h_140726,CH3,34.56598192931172,0.5856983238875417,1.6944356595606316
HTDPA_3h_140726,CH4,32.34415182921428,0.5531404169384836,1.7101713467683803
HTDPA_3h_140726,Inter-channel,34.487547059084065,1.5498038930834823,4.4938072586848765
HTDPA_3h_150726,CH1,29.686983843199574,0.7793866353877531,2.6253479959577906
HTDPA_3h_150726,CH2,30.754745066878563,0.8121596370542543,2.640762052451258
HTDPA_3h_150726,CH3,30.22567209641107,0.7827770579154515,2.5897755239937137
HTDPA_3h_150726,CH4,28.807291749437162,0.8040368073578621,2.791087806348792
HTDPA_3h_150726,Inter-channel,29.868673188981596,0.8310862713512979,2.78246799277941
